Workbook

Sheet Dashboard
A1: DASHBOARD PERFORMA KURIR
A2: Portfolio case: pemulihan volume Oktober 2026 | tren OFD 1–8 Oktober | 55 kurir anonim | 8 zona
B3: Tanggal mulai | E3: Tanggal akhir | H3: Zona | K3: Driver
B4: 46296 | E4: 46303 | H4: Semua | K4: Semua
B6: KONTEKS BISNIS — FASE RECOVERY: September 2026 adalah volume terendah dalam 9 bulan terakhir (di luar masa awal hub) setelah masalah disiplin pengantaran pada Agustus. Oktober digenjot sebagai pemulihan. Driver_ID dengan delivery rate <90%—termasuk DRV_25 pada snapshot ini—menjadi prioritas coaching/investigasi, bukan bukti kausal tunggal.
B8: VOLUME | E8: DELIVERED | H8: DELIVERY RATE | K8: FAILED
B9: =SUMIFS(Data!$E$5:$E$362,Data!$A$5:$A$362,">="&$B$4,Data!$A$5:$A$362,"<="&$E$4,Data!$C$5:$C$362,IF($H$4="Semua","*",$H$4),Data!$B$5:$B$362,IF($K$4="Semua","*",$K$4)) -> 36832 | E9: =SUMIFS(Data!$F$5:$F$362,Data!$A$5:$A$362,">="&$B$4,Data!$A$5:$A$362,"<="&$E$4,Data!$C$5:$C$362,IF($H$4="Semua","*",$H$4),Data!$B$5:$B$362,IF($K$4="Semua","*",$K$4)) -> 34173 | H9: =IFERROR(E9/B9,0) -> 0.92780734 | K9: =SUMIFS(Data!$H$5:$H$362,Data!$A$5:$A$362,">="&$B$4,Data!$A$5:$A$362,"<="&$E$4,Data!$C$5:$C$362,IF($H$4="Semua","*",$H$4),Data!$B$5:$B$362,IF($K$4="Semua","*",$K$4)) -> 43
B12: Ubah sel kuning untuk menyaring dashboard. Perbandingan zona & driver di tab lain mengikuti rentang tanggal.
B13: Tanggal | C13: Volume | D13: Delivered | E13: Delivery Rate | F13: Ongoing | G13: Failed | I13: Status | J13: Jumlah
B14: 46296 | C14: =IF(OR($B14<$B$4,$B14>$E$4),"",SUMIFS(Data!$E$5:$E$362,Data!$A$5:$A$362,$B14,Data!$C$5:$C$362,IF($H$4="Semua","*",$H$4),Data!$B$5:$B$362,IF($K$4="Semua","*",$K$4))) -> 4501 | D14: =IF($C14="","",SUMIFS(Data!$F$5:$F$362,Data!$A$5:$A$362,$B14,Data!$C$5:$C$362,IF($H$4="Semua","*",$H$4),Data!$B$5:$B$362,IF($K$4="Semua","*",$K$4))) -> 4501 | E14: =IFERROR($D14/$C14,"") -> 1 | F14: =IF($C14="","",SUMIFS(Data!$G$5:$G$362,Data!$A$5:$A$362,$B14,Data!$C$5:$C$362,IF($H$4="Semua","*",$H$4),Data!$B$5:$B$362,IF($K$4="Semua","*",$K$4))) -> 0 | G14: =IF($C14="","",SUMIFS(Data!$H$5:$H$362,Data!$A$5:$A$362,$B14,Data!$C$5:$C$362,IF($H$4="Semua","*",$H$4),Data!$B$5:$B$362,IF($K$4="Semua","*",$K$4))) -> 0 | I14: Delivered | J14: =E9 -> 34173
B15: 46297 | C15: =IF(OR($B15<$B$4,$B15>$E$4),"",SUMIFS(Data!$E$5:$E$362,Data!$A$5:$A$362,$B15,Data!$C$5:$C$362,IF($H$4="Semua","*",$H$4),Data!$B$5:$B$362,IF($K$4="Semua","*",$K$4))) -> 4857 | D15: =IF($C15="","",SUMIFS(Data!$F$5:$F$362,Data!$A$5:$A$362,$B15,Data!$C$5:$C$362,IF($H$4="Semua","*",$H$4),Data!$B$5:$B$362,IF($K$4="Semua","*",$K$4))) -> 4857 | E15: =IFERROR($D15/$C15,"") -> 1 | F15: =IF($C15="","",SUMIFS(Data!$G$5:$G$362,Data!$A$5:$A$362,$B15,Data!$C$5:$C$362,IF($H$4="Semua","*",$H$4),Data!$B$5:$B$362,IF($K$4="Semua","*",$K$4))) -> 0 | G15: =IF($C15="","",SUMIFS(Data!$H$5:$H$362,Data!$A$5:$A$362,$B15,Data!$C$5:$C$362,IF($H$4="Semua","*",$H$4),Data!$B$5:$B$362,IF($K$4="Semua","*",$K$4))) -> 0 | I15: Ongoing | J15: =SUMIFS(Data!$G$5:$G$362,Data!$A$5:$A$362,">="&$B$4,Data!$A$5:$A$362,"<="&$E$4,Data!$C$5:$C$362,IF($H$4="Semua","*",$H$4),Data!$B$5:$B$362,IF($K$4="Semua","*",$K$4)) -> 2615
B16: 46298 | C16: =IF(OR($B16<$B$4,$B16>$E$4),"",SUMIFS(Data!$E$5:$E$362,Data!$A$5:$A$362,$B16,Data!$C$5:$C$362,IF($H$4="Semua","*",$H$4),Data!$B$5:$B$362,IF($K$4="Semua","*",$K$4))) -> 4251 | D16: =IF($C16="","",SUMIFS(Data!$F$5:$F$362,Data!$A$5:$A$362,$B16,Data!$C$5:$C$362,IF($H$4="Semua","*",$H$4),Data!$B$5:$B$362,IF($K$4="Semua","*",$K$4))) -> 4251 | E16: =IFERROR($D16/$C16,"") -> 1 | F16: =IF($C16="","",SUMIFS(Data!$G$5:$G$362,Data!$A$5:$A$362,$B16,Data!$C$5:$C$362,IF($H$4="Semua","*",$H$4),Data!$B$5:$B$362,IF($K$4="Semua","*",$K$4))) -> 0 | G16: =IF($C16="","",SUMIFS(Data!$H$5:$H$362,Data!$A$5:$A$362,$B16,Data!$C$5:$C$362,IF($H$4="Semua","*",$H$4),Data!$B$5:$B$362,IF($K$4="Semua","*",$K$4))) -> 0 | I16: Failed | J16: =K9 -> 43
B17: 46299 | C17: =IF(OR($B17<$B$4,$B17>$E$4),"",SUMIFS(Data!$E$5:$E$362,Data!$A$5:$A$362,$B17,Data!$C$5:$C$362,IF($H$4="Semua","*",$H$4),Data!$B$5:$B$362,IF($K$4="Semua","*",$K$4))) -> 4322 | D17: =IF($C17="","",SUMIFS(Data!$F$5:$F$362,Data!$A$5:$A$362,$B17,Data!$C$5:$C$362,IF($H$4="Semua","*",$H$4),Data!$B$5:$B$362,IF($K$4="Semua","*",$K$4))) -> 4322 | E17: =IFERROR($D17/$C17,"") -> 1 | F17: =IF($C17="","",SUMIFS(Data!$G$5:$G$362,Data!$A$5:$A$362,$B17,Data!$C$5:$C$362,IF($H$4="Semua","*",$H$4),Data!$B$5:$B$362,IF($K$4="Semua","*",$K$4))) -> 0 | G17: =IF($C17="","",SUMIFS(Data!$H$5:$H$362,Data!$A$5:$A$362,$B17,Data!$C$5:$C$362,IF($H$4="Semua","*",$H$4),Data!$B$5:$B$362,IF($K$4="Semua","*",$K$4))) -> 0 | I17: Other | J17: =SUMIFS(Data!$I$5:$I$362,Data!$A$5:$A$362,">="&$B$4,Data!$A$5:$A$362,"<="&$E$4,Data!$C$5:$C$362,IF($H$4="Semua","*",$H$4),Data!$B$5:$B$362,IF($K$4="Semua","*",$K$4)) -> 1
B18: 46300 | C18: =IF(OR($B18<$B$4,$B18>$E$4),"",SUMIFS(Data!$E$5:$E$362,Data!$A$5:$A$362,$B18,Data!$C$5:$C$362,IF($H$4="Semua","*",$H$4),Data!$B$5:$B$362,IF($K$4="Semua","*",$K$4))) -> 3369 | D18: =IF($C18="","",SUMIFS(Data!$F$5:$F$362,Data!$A$5:$A$362,$B18,Data!$C$5:$C$362,IF($H$4="Semua","*",$H$4),Data!$B$5:$B$362,IF($K$4="Semua","*",$K$4))) -> 3368 | E18: =IFERROR($D18/$C18,"") -> 0.99970318 | F18: =IF($C18="","",SUMIFS(Data!$G$5:$G$362,Data!$A$5:$A$362,$B18,Data!$C$5:$C$362,IF($H$4="Semua","*",$H$4),Data!$B$5:$B$362,IF($K$4="Semua","*",$K$4))) -> 0 | G18: =IF($C18="","",SUMIFS(Data!$H$5:$H$362,Data!$A$5:$A$362,$B18,Data!$C$5:$C$362,IF($H$4="Semua","*",$H$4),Data!$B$5:$B$362,IF($K$4="Semua","*",$K$4))) -> 0
B19: 46301 | C19: =IF(OR($B19<$B$4,$B19>$E$4),"",SUMIFS(Data!$E$5:$E$362,Data!$A$5:$A$362,$B19,Data!$C$5:$C$362,IF($H$4="Semua","*",$H$4),Data!$B$5:$B$362,IF($K$4="Semua","*",$K$4))) -> 5464 | D19: =IF($C19="","",SUMIFS(Data!$F$5:$F$362,Data!$A$5:$A$362,$B19,Data!$C$5:$C$362,IF($H$4="Semua","*",$H$4),Data!$B$5:$B$362,IF($K$4="Semua","*",$K$4))) -> 5464 | E19: =IFERROR($D19/$C19,"") -> 1 | F19: =IF($C19="","",SUMIFS(Data!$G$5:$G$362,Data!$A$5:$A$362,$B19,Data!$C$5:$C$362,IF($H$4="Semua","*",$H$4),Data!$B$5:$B$362,IF($K$4="Semua","*",$K$4))) -> 0 | G19: =IF($C19="","",SUMIFS(Data!$H$5:$H$362,Data!$A$5:$A$362,$B19,Data!$C$5:$C$362,IF($H$4="Semua","*",$H$4),Data!$B$5:$B$362,IF($K$4="Semua","*",$K$4))) -> 0
B20: 46302 | C20: =IF(OR($B20<$B$4,$B20>$E$4),"",SUMIFS(Data!$E$5:$E$362,Data!$A$5:$A$362,$B20,Data!$C$5:$C$362,IF($H$4="Semua","*",$H$4),Data!$B$5:$B$362,IF($K$4="Semua","*",$K$4))) -> 5336 | D20: =IF($C20="","",SUMIFS(Data!$F$5:$F$362,Data!$A$5:$A$362,$B20,Data!$C$5:$C$362,IF($H$4="Semua","*",$H$4),Data!$B$5:$B$362,IF($K$4="Semua","*",$K$4))) -> 5336 | E20: =IFERROR($D20/$C20,"") -> 1 | F20: =IF($C20="","",SUMIFS(Data!$G$5:$G$362,Data!$A$5:$A$362,$B20,Data!$C$5:$C$362,IF($H$4="Semua","*",$H$4),Data!$B$5:$B$362,IF($K$4="Semua","*",$K$4))) -> 0 | G20: =IF($C20="","",SUMIFS(Data!$H$5:$H$362,Data!$A$5:$A$362,$B20,Data!$C$5:$C$362,IF($H$4="Semua","*",$H$4),Data!$B$5:$B$362,IF($K$4="Semua","*",$K$4))) -> 0
B21: 46303 | C21: =IF(OR($B21<$B$4,$B21>$E$4),"",SUMIFS(Data!$E$5:$E$362,Data!$A$5:$A$362,$B21,Data!$C$5:$C$362,IF($H$4="Semua","*",$H$4),Data!$B$5:$B$362,IF($K$4="Semua","*",$K$4))) -> 4732 | D21: =IF($C21="","",SUMIFS(Data!$F$5:$F$362,Data!$A$5:$A$362,$B21,Data!$C$5:$C$362,IF($H$4="Semua","*",$H$4),Data!$B$5:$B$362,IF($K$4="Semua","*",$K$4))) -> 2074 | E21: =IFERROR($D21/$C21,"") -> 0.43829248 | F21: =IF($C21="","",SUMIFS(Data!$G$5:$G$362,Data!$A$5:$A$362,$B21,Data!$C$5:$C$362,IF($H$4="Semua","*",$H$4),Data!$B$5:$B$362,IF($K$4="Semua","*",$K$4))) -> 2615 | G21: =IF($C21="","",SUMIFS(Data!$H$5:$H$362,Data!$A$5:$A$362,$B21,Data!$C$5:$C$362,IF($H$4="Semua","*",$H$4),Data!$B$5:$B$362,IF($K$4="Semua","*",$K$4))) -> 43
B41: CATATAN: status diamati dari export 8 Okt 2026 sekitar 14:23 WIB. Data 1–7 Okt adalah cohort yang sudah sempat matang; 8 Okt masih in-progress. Jangan membandingkan delivery rate antartanggal sebagai snapshot pada jam yang sama.

Sheet Tren Harian
A1: TREN HARIAN
A2: Cohort berdasarkan tanggal OFD; status diamati pada snapshot 8 Oktober 2026.
A4: Tanggal OFD | B4: Volume | C4: Delivered | D4: Ongoing | E4: Failed | F4: Other | G4: Delivery Rate | H4: Failed Rate
A5: 46296 | B5: =SUMIFS(Data!$E$5:$E$362,Data!$A$5:$A$362,A5) -> 4501 | C5: =SUMIFS(Data!$F$5:$F$362,Data!$A$5:$A$362,A5) -> 4501 | D5: =SUMIFS(Data!$G$5:$G$362,Data!$A$5:$A$362,A5) -> 0 | E5: =SUMIFS(Data!$H$5:$H$362,Data!$A$5:$A$362,A5) -> 0 | F5: =SUMIFS(Data!$I$5:$I$362,Data!$A$5:$A$362,A5) -> 0 | G5: =IFERROR(C5/B5,0) -> 1 | H5: =IFERROR(E5/B5,0) -> 0
A6: 46297 | B6: =SUMIFS(Data!$E$5:$E$362,Data!$A$5:$A$362,A6) -> 4857 | C6: =SUMIFS(Data!$F$5:$F$362,Data!$A$5:$A$362,A6) -> 4857 | D6: =SUMIFS(Data!$G$5:$G$362,Data!$A$5:$A$362,A6) -> 0 | E6: =SUMIFS(Data!$H$5:$H$362,Data!$A$5:$A$362,A6) -> 0 | F6: =SUMIFS(Data!$I$5:$I$362,Data!$A$5:$A$362,A6) -> 0 | G6: =IFERROR(C6/B6,0) -> 1 | H6: =IFERROR(E6/B6,0) -> 0
A7: 46298 | B7: =SUMIFS(Data!$E$5:$E$362,Data!$A$5:$A$362,A7) -> 4251 | C7: =SUMIFS(Data!$F$5:$F$362,Data!$A$5:$A$362,A7) -> 4251 | D7: =SUMIFS(Data!$G$5:$G$362,Data!$A$5:$A$362,A7) -> 0 | E7: =SUMIFS(Data!$H$5:$H$362,Data!$A$5:$A$362,A7) -> 0 | F7: =SUMIFS(Data!$I$5:$I$362,Data!$A$5:$A$362,A7) -> 0 | G7: =IFERROR(C7/B7,0) -> 1 | H7: =IFERROR(E7/B7,0) -> 0
A8: 46299 | B8: =SUMIFS(Data!$E$5:$E$362,Data!$A$5:$A$362,A8) -> 4322 | C8: =SUMIFS(Data!$F$5:$F$362,Data!$A$5:$A$362,A8) -> 4322 | D8: =SUMIFS(Data!$G$5:$G$362,Data!$A$5:$A$362,A8) -> 0 | E8: =SUMIFS(Data!$H$5:$H$362,Data!$A$5:$A$362,A8) -> 0 | F8: =SUMIFS(Data!$I$5:$I$362,Data!$A$5:$A$362,A8) -> 0 | G8: =IFERROR(C8/B8,0) -> 1 | H8: =IFERROR(E8/B8,0) -> 0
A9: 46300 | B9: =SUMIFS(Data!$E$5:$E$362,Data!$A$5:$A$362,A9) -> 3369 | C9: =SUMIFS(Data!$F$5:$F$362,Data!$A$5:$A$362,A9) -> 3368 | D9: =SUMIFS(Data!$G$5:$G$362,Data!$A$5:$A$362,A9) -> 0 | E9: =SUMIFS(Data!$H$5:$H$362,Data!$A$5:$A$362,A9) -> 0 | F9: =SUMIFS(Data!$I$5:$I$362,Data!$A$5:$A$362,A9) -> 1 | G9: =IFERROR(C9/B9,0) -> 0.99970318 | H9: =IFERROR(E9/B9,0) -> 0
A10: 46301 | B10: =SUMIFS(Data!$E$5:$E$362,Data!$A$5:$A$362,A10) -> 5464 | C10: =SUMIFS(Data!$F$5:$F$362,Data!$A$5:$A$362,A10) -> 5464 | D10: =SUMIFS(Data!$G$5:$G$362,Data!$A$5:$A$362,A10) -> 0 | E10: =SUMIFS(Data!$H$5:$H$362,Data!$A$5:$A$362,A10) -> 0 | F10: =SUMIFS(Data!$I$5:$I$362,Data!$A$5:$A$362,A10) -> 0 | G10: =IFERROR(C10/B10,0) -> 1 | H10: =IFERROR(E10/B10,0) -> 0
A11: 46302 | B11: =SUMIFS(Data!$E$5:$E$362,Data!$A$5:$A$362,A11) -> 5336 | C11: =SUMIFS(Data!$F$5:$F$362,Data!$A$5:$A$362,A11) -> 5336 | D11: =SUMIFS(Data!$G$5:$G$362,Data!$A$5:$A$362,A11) -> 0 | E11: =SUMIFS(Data!$H$5:$H$362,Data!$A$5:$A$362,A11) -> 0 | F11: =SUMIFS(Data!$I$5:$I$362,Data!$A$5:$A$362,A11) -> 0 | G11: =IFERROR(C11/B11,0) -> 1 | H11: =IFERROR(E11/B11,0) -> 0
A12: 46303 | B12: =SUMIFS(Data!$E$5:$E$362,Data!$A$5:$A$362,A12) -> 4732 | C12: =SUMIFS(Data!$F$5:$F$362,Data!$A$5:$A$362,A12) -> 2074 | D12: =SUMIFS(Data!$G$5:$G$362,Data!$A$5:$A$362,A12) -> 2615 | E12: =SUMIFS(Data!$H$5:$H$362,Data!$A$5:$A$362,A12) -> 43 | F12: =SUMIFS(Data!$I$5:$I$362,Data!$A$5:$A$362,A12) -> 0 | G12: =IFERROR(C12/B12,0) -> 0.43829248 | H12: =IFERROR(E12/B12,0) -> 0.0090870668
A14: Interpretasi
A15: Tanggal 1–7 Oktober hampir seluruhnya telah selesai pada saat export, sedangkan 8 Oktober masih berlangsung. Pola ini menunjukkan cohort aging: semakin lama sejak OFD, semakin besar peluang status sudah final. Untuk evaluasi harian yang adil, gunakan snapshot dengan cut-off jam yang sama.

Sheet Per Zona
A1: PERFORMA PER ZONA
A2: Perbandingan mengikuti rentang tanggal di Dashboard; selector zona/driver tidak diterapkan agar semua zona tetap dapat dibandingkan.
A4: Zona | B4: Volume | C4: Delivered | D4: Ongoing | E4: Failed | F4: Other | G4: Delivery Rate | H4: Failed Rate
A5: CINERE | B5: =SUMIFS(Data!$E$5:$E$362,Data!$A$5:$A$362,">="&Dashboard!$B$4,Data!$A$5:$A$362,"<="&Dashboard!$E$4,Data!$C$5:$C$362,$A5) -> 6946 | C5: =SUMIFS(Data!$F$5:$F$362,Data!$A$5:$A$362,">="&Dashboard!$B$4,Data!$A$5:$A$362,"<="&Dashboard!$E$4,Data!$C$5:$C$362,$A5) -> 6508 | D5: =SUMIFS(Data!$G$5:$G$362,Data!$A$5:$A$362,">="&Dashboard!$B$4,Data!$A$5:$A$362,"<="&Dashboard!$E$4,Data!$C$5:$C$362,$A5) -> 429 | E5: =SUMIFS(Data!$H$5:$H$362,Data!$A$5:$A$362,">="&Dashboard!$B$4,Data!$A$5:$A$362,"<="&Dashboard!$E$4,Data!$C$5:$C$362,$A5) -> 9 | F5: =SUMIFS(Data!$I$5:$I$362,Data!$A$5:$A$362,">="&Dashboard!$B$4,Data!$A$5:$A$362,"<="&Dashboard!$E$4,Data!$C$5:$C$362,$A5) -> 0 | G5: =IFERROR(C5/B5,0) -> 0.93694212 | H5: =IFERROR(E5/B5,0) -> 0.0012957098
A6: GANDUL | B6: =SUMIFS(Data!$E$5:$E$362,Data!$A$5:$A$362,">="&Dashboard!$B$4,Data!$A$5:$A$362,"<="&Dashboard!$E$4,Data!$C$5:$C$362,$A6) -> 3728 | C6: =SUMIFS(Data!$F$5:$F$362,Data!$A$5:$A$362,">="&Dashboard!$B$4,Data!$A$5:$A$362,"<="&Dashboard!$E$4,Data!$C$5:$C$362,$A6) -> 3477 | D6: =SUMIFS(Data!$G$5:$G$362,Data!$A$5:$A$362,">="&Dashboard!$B$4,Data!$A$5:$A$362,"<="&Dashboard!$E$4,Data!$C$5:$C$362,$A6) -> 250 | E6: =SUMIFS(Data!$H$5:$H$362,Data!$A$5:$A$362,">="&Dashboard!$B$4,Data!$A$5:$A$362,"<="&Dashboard!$E$4,Data!$C$5:$C$362,$A6) -> 0 | F6: =SUMIFS(Data!$I$5:$I$362,Data!$A$5:$A$362,">="&Dashboard!$B$4,Data!$A$5:$A$362,"<="&Dashboard!$E$4,Data!$C$5:$C$362,$A6) -> 1 | G6: =IFERROR(C6/B6,0) -> 0.93267167 | H6: =IFERROR(E6/B6,0) -> 0
A7: Grogol | B7: =SUMIFS(Data!$E$5:$E$362,Data!$A$5:$A$362,">="&Dashboard!$B$4,Data!$A$5:$A$362,"<="&Dashboard!$E$4,Data!$C$5:$C$362,$A7) -> 6974 | C7: =SUMIFS(Data!$F$5:$F$362,Data!$A$5:$A$362,">="&Dashboard!$B$4,Data!$A$5:$A$362,"<="&Dashboard!$E$4,Data!$C$5:$C$362,$A7) -> 6496 | D7: =SUMIFS(Data!$G$5:$G$362,Data!$A$5:$A$362,">="&Dashboard!$B$4,Data!$A$5:$A$362,"<="&Dashboard!$E$4,Data!$C$5:$C$362,$A7) -> 467 | E7: =SUMIFS(Data!$H$5:$H$362,Data!$A$5:$A$362,">="&Dashboard!$B$4,Data!$A$5:$A$362,"<="&Dashboard!$E$4,Data!$C$5:$C$362,$A7) -> 11 | F7: =SUMIFS(Data!$I$5:$I$362,Data!$A$5:$A$362,">="&Dashboard!$B$4,Data!$A$5:$A$362,"<="&Dashboard!$E$4,Data!$C$5:$C$362,$A7) -> 0 | G7: =IFERROR(C7/B7,0) -> 0.93145971 | H7: =IFERROR(E7/B7,0) -> 0.0015772871
A8: Krukut | B8: =SUMIFS(Data!$E$5:$E$362,Data!$A$5:$A$362,">="&Dashboard!$B$4,Data!$A$5:$A$362,"<="&Dashboard!$E$4,Data!$C$5:$C$362,$A8) -> 4447 | C8: =SUMIFS(Data!$F$5:$F$362,Data!$A$5:$A$362,">="&Dashboard!$B$4,Data!$A$5:$A$362,"<="&Dashboard!$E$4,Data!$C$5:$C$362,$A8) -> 4094 | D8: =SUMIFS(Data!$G$5:$G$362,Data!$A$5:$A$362,">="&Dashboard!$B$4,Data!$A$5:$A$362,"<="&Dashboard!$E$4,Data!$C$5:$C$362,$A8) -> 345 | E8: =SUMIFS(Data!$H$5:$H$362,Data!$A$5:$A$362,">="&Dashboard!$B$4,Data!$A$5:$A$362,"<="&Dashboard!$E$4,Data!$C$5:$C$362,$A8) -> 8 | F8: =SUMIFS(Data!$I$5:$I$362,Data!$A$5:$A$362,">="&Dashboard!$B$4,Data!$A$5:$A$362,"<="&Dashboard!$E$4,Data!$C$5:$C$362,$A8) -> 0 | G8: =IFERROR(C8/B8,0) -> 0.92062064 | H8: =IFERROR(E8/B8,0) -> 0.0017989656
A9: Limo | B9: =SUMIFS(Data!$E$5:$E$362,Data!$A$5:$A$362,">="&Dashboard!$B$4,Data!$A$5:$A$362,"<="&Dashboard!$E$4,Data!$C$5:$C$362,$A9) -> 3380 | C9: =SUMIFS(Data!$F$5:$F$362,Data!$A$5:$A$362,">="&Dashboard!$B$4,Data!$A$5:$A$362,"<="&Dashboard!$E$4,Data!$C$5:$C$362,$A9) -> 3137 | D9: =SUMIFS(Data!$G$5:$G$362,Data!$A$5:$A$362,">="&Dashboard!$B$4,Data!$A$5:$A$362,"<="&Dashboard!$E$4,Data!$C$5:$C$362,$A9) -> 237 | E9: =SUMIFS(Data!$H$5:$H$362,Data!$A$5:$A$362,">="&Dashboard!$B$4,Data!$A$5:$A$362,"<="&Dashboard!$E$4,Data!$C$5:$C$362,$A9) -> 6 | F9: =SUMIFS(Data!$I$5:$I$362,Data!$A$5:$A$362,">="&Dashboard!$B$4,Data!$A$5:$A$362,"<="&Dashboard!$E$4,Data!$C$5:$C$362,$A9) -> 0 | G9: =IFERROR(C9/B9,0) -> 0.92810651 | H9: =IFERROR(E9/B9,0) -> 0.0017751479
A10: Meruyung | B10: =SUMIFS(Data!$E$5:$E$362,Data!$A$5:$A$362,">="&Dashboard!$B$4,Data!$A$5:$A$362,"<="&Dashboard!$E$4,Data!$C$5:$C$362,$A10) -> 4394 | C10: =SUMIFS(Data!$F$5:$F$362,Data!$A$5:$A$362,">="&Dashboard!$B$4,Data!$A$5:$A$362,"<="&Dashboard!$E$4,Data!$C$5:$C$362,$A10) -> 4082 | D10: =SUMIFS(Data!$G$5:$G$362,Data!$A$5:$A$362,">="&Dashboard!$B$4,Data!$A$5:$A$362,"<="&Dashboard!$E$4,Data!$C$5:$C$362,$A10) -> 304 | E10: =SUMIFS(Data!$H$5:$H$362,Data!$A$5:$A$362,">="&Dashboard!$B$4,Data!$A$5:$A$362,"<="&Dashboard!$E$4,Data!$C$5:$C$362,$A10) -> 8 | F10: =SUMIFS(Data!$I$5:$I$362,Data!$A$5:$A$362,">="&Dashboard!$B$4,Data!$A$5:$A$362,"<="&Dashboard!$E$4,Data!$C$5:$C$362,$A10) -> 0 | G10: =IFERROR(C10/B10,0) -> 0.92899408 | H10: =IFERROR(E10/B10,0) -> 0.0018206645
A11: Pangkalan Jati Baru | B11: =SUMIFS(Data!$E$5:$E$362,Data!$A$5:$A$362,">="&Dashboard!$B$4,Data!$A$5:$A$362,"<="&Dashboard!$E$4,Data!$C$5:$C$362,$A11) -> 3483 | C11: =SUMIFS(Data!$F$5:$F$362,Data!$A$5:$A$362,">="&Dashboard!$B$4,Data!$A$5:$A$362,"<="&Dashboard!$E$4,Data!$C$5:$C$362,$A11) -> 3165 | D11: =SUMIFS(Data!$G$5:$G$362,Data!$A$5:$A$362,">="&Dashboard!$B$4,Data!$A$5:$A$362,"<="&Dashboard!$E$4,Data!$C$5:$C$362,$A11) -> 317 | E11: =SUMIFS(Data!$H$5:$H$362,Data!$A$5:$A$362,">="&Dashboard!$B$4,Data!$A$5:$A$362,"<="&Dashboard!$E$4,Data!$C$5:$C$362,$A11) -> 1 | F11: =SUMIFS(Data!$I$5:$I$362,Data!$A$5:$A$362,">="&Dashboard!$B$4,Data!$A$5:$A$362,"<="&Dashboard!$E$4,Data!$C$5:$C$362,$A11) -> 0 | G11: =IFERROR(C11/B11,0) -> 0.9086994 | H11: =IFERROR(E11/B11,0) -> 0.00028710881
A12: Pangkalan Jati Lama | B12: =SUMIFS(Data!$E$5:$E$362,Data!$A$5:$A$362,">="&Dashboard!$B$4,Data!$A$5:$A$362,"<="&Dashboard!$E$4,Data!$C$5:$C$362,$A12) -> 3480 | C12: =SUMIFS(Data!$F$5:$F$362,Data!$A$5:$A$362,">="&Dashboard!$B$4,Data!$A$5:$A$362,"<="&Dashboard!$E$4,Data!$C$5:$C$362,$A12) -> 3214 | D12: =SUMIFS(Data!$G$5:$G$362,Data!$A$5:$A$362,">="&Dashboard!$B$4,Data!$A$5:$A$362,"<="&Dashboard!$E$4,Data!$C$5:$C$362,$A12) -> 266 | E12: =SUMIFS(Data!$H$5:$H$362,Data!$A$5:$A$362,">="&Dashboard!$B$4,Data!$A$5:$A$362,"<="&Dashboard!$E$4,Data!$C$5:$C$362,$A12) -> 0 | F12: =SUMIFS(Data!$I$5:$I$362,Data!$A$5:$A$362,">="&Dashboard!$B$4,Data!$A$5:$A$362,"<="&Dashboard!$E$4,Data!$C$5:$C$362,$A12) -> 0 | G12: =IFERROR(C12/B12,0) -> 0.92356322 | H12: =IFERROR(E12/B12,0) -> 0

Sheet Per Driver
A1: PERFORMA PER DRIVER
A2: 55 Driver_ID anonim; data mengikuti rentang tanggal di Dashboard. Gunakan filter tabel untuk eksplorasi zona dan tipe.
A4: Driver ID | B4: Zona | C4: Tipe | D4: Volume | E4: Delivered | F4: Ongoing | G4: Failed | H4: Other | I4: Delivery Rate
A5: DRV_07 | B5: CINERE | C5: Mitra LM 2W | D5: =SUMIFS(Data!$E$5:$E$362,Data!$A$5:$A$362,">="&Dashboard!$B$4,Data!$A$5:$A$362,"<="&Dashboard!$E$4,Data!$B$5:$B$362,$A5) -> 546 | E5: =SUMIFS(Data!$F$5:$F$362,Data!$A$5:$A$362,">="&Dashboard!$B$4,Data!$A$5:$A$362,"<="&Dashboard!$E$4,Data!$B$5:$B$362,$A5) -> 546 | F5: =SUMIFS(Data!$G$5:$G$362,Data!$A$5:$A$362,">="&Dashboard!$B$4,Data!$A$5:$A$362,"<="&Dashboard!$E$4,Data!$B$5:$B$362,$A5) -> 0 | G5: =SUMIFS(Data!$H$5:$H$362,Data!$A$5:$A$362,">="&Dashboard!$B$4,Data!$A$5:$A$362,"<="&Dashboard!$E$4,Data!$B$5:$B$362,$A5) -> 0 | H5: =SUMIFS(Data!$I$5:$I$362,Data!$A$5:$A$362,">="&Dashboard!$B$4,Data!$A$5:$A$362,"<="&Dashboard!$E$4,Data!$B$5:$B$362,$A5) -> 0 | I5: =IF(D5=0,"",E5/D5) -> 1
A6: DRV_08 | B6: CINERE | C6: Mitra LM 2W | D6: =SUMIFS(Data!$E$5:$E$362,Data!$A$5:$A$362,">="&Dashboard!$B$4,Data!$A$5:$A$362,"<="&Dashboard!$E$4,Data!$B$5:$B$362,$A6) -> 466 | E6: =SUMIFS(Data!$F$5:$F$362,Data!$A$5:$A$362,">="&Dashboard!$B$4,Data!$A$5:$A$362,"<="&Dashboard!$E$4,Data!$B$5:$B$362,$A6) -> 409 | F6: =SUMIFS(Data!$G$5:$G$362,Data!$A$5:$A$362,">="&Dashboard!$B$4,Data!$A$5:$A$362,"<="&Dashboard!$E$4,Data!$B$5:$B$362,$A6) -> 56 | G6: =SUMIFS(Data!$H$5:$H$362,Data!$A$5:$A$362,">="&Dashboard!$B$4,Data!$A$5:$A$362,"<="&Dashboard!$E$4,Data!$B$5:$B$362,$A6) -> 1 | H6: =SUMIFS(Data!$I$5:$I$362,Data!$A$5:$A$362,">="&Dashboard!$B$4,Data!$A$5:$A$362,"<="&Dashboard!$E$4,Data!$B$5:$B$362,$A6) -> 0 | I6: =IF(D6=0,"",E6/D6) -> 0.8776824
A7: DRV_13 | B7: CINERE | C7: Mitra LM 2W | D7: =SUMIFS(Data!$E$5:$E$362,Data!$A$5:$A$362,">="&Dashboard!$B$4,Data!$A$5:$A$362,"<="&Dashboard!$E$4,Data!$B$5:$B$362,$A7) -> 430 | E7: =SUMIFS(Data!$F$5:$F$362,Data!$A$5:$A$362,">="&Dashboard!$B$4,Data!$A$5:$A$362,"<="&Dashboard!$E$4,Data!$B$5:$B$362,$A7) -> 377 | F7: =SUMIFS(Data!$G$5:$G$362,Data!$A$5:$A$362,">="&Dashboard!$B$4,Data!$A$5:$A$362,"<="&Dashboard!$E$4,Data!$B$5:$B$362,$A7) -> 52 | G7: =SUMIFS(Data!$H$5:$H$362,Data!$A$5:$A$362,">="&Dashboard!$B$4,Data!$A$5:$A$362,"<="&Dashboard!$E$4,Data!$B$5:$B$362,$A7) -> 1 | H7: =SUMIFS(Data!$I$5:$I$362,Data!$A$5:$A$362,">="&Dashboard!$B$4,Data!$A$5:$A$362,"<="&Dashboard!$E$4,Data!$B$5:$B$362,$A7) -> 0 | I7: =IF(D7=0,"",E7/D7) -> 0.87674419
A8: DRV_14 | B8: CINERE | C8: Dedicated LM 2W | D8: =SUMIFS(Data!$E$5:$E$362,Data!$A$5:$A$362,">="&Dashboard!$B$4,Data!$A$5:$A$362,"<="&Dashboard!$E$4,Data!$B$5:$B$362,$A8) -> 940 | E8: =SUMIFS(Data!$F$5:$F$362,Data!$A$5:$A$362,">="&Dashboard!$B$4,Data!$A$5:$A$362,"<="&Dashboard!$E$4,Data!$B$5:$B$362,$A8) -> 876 | F8: =SUMIFS(Data!$G$5:$G$362,Data!$A$5:$A$362,">="&Dashboard!$B$4,Data!$A$5:$A$362,"<="&Dashboard!$E$4,Data!$B$5:$B$362,$A8) -> 64 | G8: =SUMIFS(Data!$H$5:$H$362,Data!$A$5:$A$362,">="&Dashboard!$B$4,Data!$A$5:$A$362,"<="&Dashboard!$E$4,Data!$B$5:$B$362,$A8) -> 0 | H8: =SUMIFS(Data!$I$5:$I$362,Data!$A$5:$A$362,">="&Dashboard!$B$4,Data!$A$5:$A$362,"<="&Dashboard!$E$4,Data!$B$5:$B$362,$A8) -> 0 | I8: =IF(D8=0,"",E8/D8) -> 0.93191489
A9: DRV_25 | B9: CINERE | C9: Mitra LM 2W | D9: =SUMIFS(Data!$E$5:$E$362,Data!$A$5:$A$362,">="&Dashboard!$B$4,Data!$A$5:$A$362,"<="&Dashboard!$E$4,Data!$B$5:$B$362,$A9) -> 400 | E9: =SUMIFS(Data!$F$5:$F$362,Data!$A$5:$A$362,">="&Dashboard!$B$4,Data!$A$5:$A$362,"<="&Dashboard!$E$4,Data!$B$5:$B$362,$A9) -> 347 | F9: =SUMIFS(Data!$G$5:$G$362,Data!$A$5:$A$362,">="&Dashboard!$B$4,Data!$A$5:$A$362,"<="&Dashboard!$E$4,Data!$B$5:$B$362,$A9) -> 52 | G9: =SUMIFS(Data!$H$5:$H$362,Data!$A$5:$A$362,">="&Dashboard!$B$4,Data!$A$5:$A$362,"<="&Dashboard!$E$4,Data!$B$5:$B$362,$A9) -> 1 | H9: =SUMIFS(Data!$I$5:$I$362,Data!$A$5:$A$362,">="&Dashboard!$B$4,Data!$A$5:$A$362,"<="&Dashboard!$E$4,Data!$B$5:$B$362,$A9) -> 0 | I9: =IF(D9=0,"",E9/D9) -> 0.8675
A10: DRV_29 | B10: CINERE | C10: Mitra LM 2W | D10: =SUMIFS(Data!$E$5:$E$362,Data!$A$5:$A$362,">="&Dashboard!$B$4,Data!$A$5:$A$362,"<="&Dashboard!$E$4,Data!$B$5:$B$362,$A10) -> 478 | E10: =SUMIFS(Data!$F$5:$F$362,Data!$A$5:$A$362,">="&Dashboard!$B$4,Data!$A$5:$A$362,"<="&Dashboard!$E$4,Data!$B$5:$B$362,$A10) -> 476 | F10: =SUMIFS(Data!$G$5:$G$362,Data!$A$5:$A$362,">="&Dashboard!$B$4,Data!$A$5:$A$362,"<="&Dashboard!$E$4,Data!$B$5:$B$362,$A10) -> 1 | G10: =SUMIFS(Data!$H$5:$H$362,Data!$A$5:$A$362,">="&Dashboard!$B$4,Data!$A$5:$A$362,"<="&Dashboard!$E$4,Data!$B$5:$B$362,$A10) -> 1 | H10: =SUMIFS(Data!$I$5:$I$362,Data!$A$5:$A$362,">="&Dashboard!$B$4,Data!$A$5:$A$362,"<="&Dashboard!$E$4,Data!$B$5:$B$362,$A10) -> 0 | I10: =IF(D10=0,"",E10/D10) -> 0.9958159
A11: DRV_32 | B11: CINERE | C11: Mitra LM 2W | D11: =SUMIFS(Data!$E$5:$E$362,Data!$A$5:$A$362,">="&Dashboard!$B$4,Data!$A$5:$A$362,"<="&Dashboard!$E$4,Data!$B$5:$B$362,$A11) -> 668 | E11: =SUMIFS(Data!$F$5:$F$362,Data!$A$5:$A$362,">="&Dashboard!$B$4,Data!$A$5:$A$362,"<="&Dashboard!$E$4,Data!$B$5:$B$362,$A11) -> 666 | F11: =SUMIFS(Data!$G$5:$G$362,Data!$A$5:$A$362,">="&Dashboard!$B$4,Data!$A$5:$A$362,"<="&Dashboard!$E$4,Data!$B$5:$B$362,$A11) -> 0 | G11: =SUMIFS(Data!$H$5:$H$362,Data!$A$5:$A$362,">="&Dashboard!$B$4,Data!$A$5:$A$362,"<="&Dashboard!$E$4,Data!$B$5:$B$362,$A11) -> 2 | H11: =SUMIFS(Data!$I$5:$I$362,Data!$A$5:$A$362,">="&Dashboard!$B$4,Data!$A$5:$A$362,"<="&Dashboard!$E$4,Data!$B$5:$B$362,$A11) -> 0 | I11: =IF(D11=0,"",E11/D11) -> 0.99700599
A12: DRV_33 | B12: CINERE | C12: Dedicated LM 2W | D12: =SUMIFS(Data!$E$5:$E$362,Data!$A$5:$A$362,">="&Dashboard!$B$4,Data!$A$5:$A$362,"<="&Dashboard!$E$4,Data!$B$5:$B$362,$A12) -> 922 | E12: =SUMIFS(Data!$F$5:$F$362,Data!$A$5:$A$362,">="&Dashboard!$B$4,Data!$A$5:$A$362,"<="&Dashboard!$E$4,Data!$B$5:$B$362,$A12) -> 854 | F12: =SUMIFS(Data!$G$5:$G$362,Data!$A$5:$A$362,">="&Dashboard!$B$4,Data!$A$5:$A$362,"<="&Dashboard!$E$4,Data!$B$5:$B$362,$A12) -> 68 | G12: =SUMIFS(Data!$H$5:$H$362,Data!$A$5:$A$362,">="&Dashboard!$B$4,Data!$A$5:$A$362,"<="&Dashboard!$E$4,Data!$B$5:$B$362,$A12) -> 0 | H12: =SUMIFS(Data!$I$5:$I$362,Data!$A$5:$A$362,">="&Dashboard!$B$4,Data!$A$5:$A$362,"<="&Dashboard!$E$4,Data!$B$5:$B$362,$A12) -> 0 | I12: =IF(D12=0,"",E12/D12) -> 0.92624729
A13: DRV_35 | B13: CINERE | C13: Dedicated LM 2W | D13: =SUMIFS(Data!$E$5:$E$362,Data!$A$5:$A$362,">="&Dashboard!$B$4,Data!$A$5:$A$362,"<="&Dashboard!$E$4,Data!$B$5:$B$362,$A13) -> 959 | E13: =SUMIFS(Data!$F$5:$F$362,Data!$A$5:$A$362,">="&Dashboard!$B$4,Data!$A$5:$A$362,"<="&Dashboard!$E$4,Data!$B$5:$B$362,$A13) -> 909 | F13: =SUMIFS(Data!$G$5:$G$362,Data!$A$5:$A$362,">="&Dashboard!$B$4,Data!$A$5:$A$362,"<="&Dashboard!$E$4,Data!$B$5:$B$362,$A13) -> 50 | G13: =SUMIFS(Data!$H$5:$H$362,Data!$A$5:$A$362,">="&Dashboard!$B$4,Data!$A$5:$A$362,"<="&Dashboard!$E$4,Data!$B$5:$B$362,$A13) -> 0 | H13: =SUMIFS(Data!$I$5:$I$362,Data!$A$5:$A$362,">="&Dashboard!$B$4,Data!$A$5:$A$362,"<="&Dashboard!$E$4,Data!$B$5:$B$362,$A13) -> 0 | I13: =IF(D13=0,"",E13/D13) -> 0.94786236
A14: DRV_36 | B14: CINERE | C14: Mitra LM 2W | D14: =SUMIFS(Data!$E$5:$E$362,Data!$A$5:$A$362,">="&Dashboard!$B$4,Data!$A$5:$A$362,"<="&Dashboard!$E$4,Data!$B$5:$B$362,$A14) -> 703 | E14: =SUMIFS(Data!$F$5:$F$362,Data!$A$5:$A$362,">="&Dashboard!$B$4,Data!$A$5:$A$362,"<="&Dashboard!$E$4,Data!$B$5:$B$362,$A14) -> 656 | F14: =SUMIFS(Data!$G$5:$G$362,Data!$A$5:$A$362,">="&Dashboard!$B$4,Data!$A$5:$A$362,"<="&Dashboard!$E$4,Data!$B$5:$B$362,$A14) -> 47 | G14: =SUMIFS(Data!$H$5:$H$362,Data!$A$5:$A$362,">="&Dashboard!$B$4,Data!$A$5:$A$362,"<="&Dashboard!$E$4,Data!$B$5:$B$362,$A14) -> 0 | H14: =SUMIFS(Data!$I$5:$I$362,Data!$A$5:$A$362,">="&Dashboard!$B$4,Data!$A$5:$A$362,"<="&Dashboard!$E$4,Data!$B$5:$B$362,$A14) -> 0 | I14: =IF(D14=0,"",E14/D14) -> 0.93314367
A15: DRV_55 | B15: CINERE | C15: Mitra LM 2W | D15: =SUMIFS(Data!$E$5:$E$362,Data!$A$5:$A$362,">="&Dashboard!$B$4,Data!$A$5:$A$362,"<="&Dashboard!$E$4,Data!$B$5:$B$362,$A15) -> 434 | E15: =SUMIFS(Data!$F$5:$F$362,Data!$A$5:$A$362,">="&Dashboard!$B$4,Data!$A$5:$A$362,"<="&Dashboard!$E$4,Data!$B$5:$B$362,$A15) -> 392 | F15: =SUMIFS(Data!$G$5:$G$362,Data!$A$5:$A$362,">="&Dashboard!$B$4,Data!$A$5:$A$362,"<="&Dashboard!$E$4,Data!$B$5:$B$362,$A15) -> 39 | G15: =SUMIFS(Data!$H$5:$H$362,Data!$A$5:$A$362,">="&Dashboard!$B$4,Data!$A$5:$A$362,"<="&Dashboard!$E$4,Data!$B$5:$B$362,$A15) -> 3 | H15: =SUMIFS(Data!$I$5:$I$362,Data!$A$5:$A$362,">="&Dashboard!$B$4,Data!$A$5:$A$362,"<="&Dashboard!$E$4,Data!$B$5:$B$362,$A15) -> 0 | I15: =IF(D15=0,"",E15/D15) -> 0.90322581
A16: DRV_05 | B16: GANDUL | C16: Mitra LM 2W | D16: =SUMIFS(Data!$E$5:$E$362,Data!$A$5:$A$362,">="&Dashboard!$B$4,Data!$A$5:$A$362,"<="&Dashboard!$E$4,Data!$B$5:$B$362,$A16) -> 548 | E16: =SUMIFS(Data!$F$5:$F$362,Data!$A$5:$A$362,">="&Dashboard!$B$4,Data!$A$5:$A$362,"<="&Dashboard!$E$4,Data!$B$5:$B$362,$A16) -> 484 | F16: =SUMIFS(Data!$G$5:$G$362,Data!$A$5:$A$362,">="&Dashboard!$B$4,Data!$A$5:$A$362,"<="&Dashboard!$E$4,Data!$B$5:$B$362,$A16) -> 64 | G16: =SUMIFS(Data!$H$5:$H$362,Data!$A$5:$A$362,">="&Dashboard!$B$4,Data!$A$5:$A$362,"<="&Dashboard!$E$4,Data!$B$5:$B$362,$A16) -> 0 | H16: =SUMIFS(Data!$I$5:$I$362,Data!$A$5:$A$362,">="&Dashboard!$B$4,Data!$A$5:$A$362,"<="&Dashboard!$E$4,Data!$B$5:$B$362,$A16) -> 0 | I16: =IF(D16=0,"",E16/D16) -> 0.88321168
... A59: DRV_43 | B59: Meruyung | C59: Mitra LM 2W | D59: =SUMIFS(Data!$E$5:$E$362,Data!$A$5:$A$362,">="&Dashboard!$B$4,Data!$A$5:$A$362,"<="&Dashboard!$E$4,Data!$B$5:$B$362,$A59) -> 703 | E59: =SUMIFS(Data!$F$5:$F$362,Data!$A$5:$A$362,">="&Dashboard!$B$4,Data!$A$5:$A$362,"<="&Dashboard!$E$4,Data!$B$5:$B$362,$A59) -> 635 | F59: =SUMIFS(Data!$G$5:$G$362,Data!$A$5:$A$362,">="&Dashboard!$B$4,Data!$A$5:$A$362,"<="&Dashboard!$E$4,Data!$B$5:$B$362,$A59) -> 67 | G59: =SUMIFS(Data!$H$5:$H$362,Data!$A$5:$A$362,">="&Dashboard!$B$4,Data!$A$5:$A$362,"<="&Dashboard!$E$4,Data!$B$5:$B$362,$A59) -> 1 | H59: =SUMIFS(Data!$I$5:$I$362,Data!$A$5:$A$362,">="&Dashboard!$B$4,Data!$A$5:$A$362,"<="&Dashboard!$E$4,Data!$B$5:$B$362,$A59) -> 0 | I59: =IF(D59=0,"",E59/D59) -> 0.90327169

Sheet Data
A1: DATA ANONIM — OFD COHORT
A2: 358 baris agregat tanggal × kurir; identitas kurir diganti Driver_ID.
A4: Tanggal OFD | B4: Driver ID | C4: Zona | D4: Tipe | E4: Volume | F4: Delivered | G4: Ongoing | H4: Failed | I4: Other | J4: Delivery Rate
A5: 46296 | B5: DRV_02 | C5: Grogol | D5: Mitra LM 2W | E5: 119 | F5: 119 | G5: 0 | H5: 0 | I5: =E5-SUM(F5:H5) -> 0 | J5: =IFERROR(F5/E5,0) -> 1
A6: 46296 | B6: DRV_04 | C6: Limo | D6: Mitra LM 2W | E6: 78 | F6: 78 | G6: 0 | H6: 0 | I6: =E6-SUM(F6:H6) -> 0 | J6: =IFERROR(F6/E6,0) -> 1
A7: 46296 | B7: DRV_05 | C7: GANDUL | D7: Mitra LM 2W | E7: 93 | F7: 93 | G7: 0 | H7: 0 | I7: =E7-SUM(F7:H7) -> 0 | J7: =IFERROR(F7/E7,0) -> 1
A8: 46296 | B8: DRV_06 | C8: Grogol | D8: Mitra LM 2W | E8: 110 | F8: 110 | G8: 0 | H8: 0 | I8: =E8-SUM(F8:H8) -> 0 | J8: =IFERROR(F8/E8,0) -> 1
A9: 46296 | B9: DRV_07 | C9: CINERE | D9: Mitra LM 2W | E9: 119 | F9: 119 | G9: 0 | H9: 0 | I9: =E9-SUM(F9:H9) -> 0 | J9: =IFERROR(F9/E9,0) -> 1
A10: 46296 | B10: DRV_08 | C10: CINERE | D10: Mitra LM 2W | E10: 90 | F10: 90 | G10: 0 | H10: 0 | I10: =E10-SUM(F10:H10) -> 0 | J10: =IFERROR(F10/E10,0) -> 1
A11: 46296 | B11: DRV_10 | C11: Meruyung | D11: Mitra LM 2W | E11: 83 | F11: 83 | G11: 0 | H11: 0 | I11: =E11-SUM(F11:H11) -> 0 | J11: =IFERROR(F11/E11,0) -> 1
A12: 46296 | B12: DRV_12 | C12: Pangkalan Jati Baru | D12: Mitra LM 2W | E12: 146 | F12: 146 | G12: 0 | H12: 0 | I12: =E12-SUM(F12:H12) -> 0 | J12: =IFERROR(F12/E12,0) -> 1
A13: 46296 | B13: DRV_13 | C13: CINERE | D13: Mitra LM 2W | E13: 99 | F13: 99 | G13: 0 | H13: 0 | I13: =E13-SUM(F13:H13) -> 0 | J13: =IFERROR(F13/E13,0) -> 1
A14: 46296 | B14: DRV_14 | C14: CINERE | D14: Dedicated LM 2W | E14: 140 | F14: 140 | G14: 0 | H14: 0 | I14: =E14-SUM(F14:H14) -> 0 | J14: =IFERROR(F14/E14,0) -> 1
A15: 46296 | B15: DRV_15 | C15: Krukut | D15: Mitra LM 2W | E15: 100 | F15: 100 | G15: 0 | H15: 0 | I15: =E15-SUM(F15:H15) -> 0 | J15: =IFERROR(F15/E15,0) -> 1
A16: 46296 | B16: DRV_16 | C16: Meruyung | D16: Mitra LM 2W | E16: 80 | F16: 80 | G16: 0 | H16: 0 | I16: =E16-SUM(F16:H16) -> 0 | J16: =IFERROR(F16/E16,0) -> 1
... A362: 46303 | B362: DRV_58 | C362: Krukut | D362: Mitra LM 2W | E362: 117 | F362: 54 | G362: 61 | H362: 2 | I362: =E362-SUM(F362:H362) -> 0 | J362: =IFERROR(F362/E362,0) -> 0.46153846

Sheet Panduan
A1: PANDUAN & KERANGKA ANALISIS
A2: Cara membaca dashboard, definisi metrik, dan batasan data.
A4: Konteks bisnis | C4: September 2026 merupakan volume terendah dalam 9 bulan terakhir (di luar masa awal hub). Wima mengaitkannya dengan masalah disiplin pengantaran pada Agustus; Oktober menjadi fase recovery dengan volume yang digenjot kembali.
A6: Tujuan bisnis | C6: Memantau beban OFD, delivery rate, dan failed per hari, zona, serta kurir; mengidentifikasi area yang perlu investigasi operasional.
A8: Cara pakai | C8: 1) Pilih rentang tanggal, zona, dan Driver_ID di tab Dashboard. 2) Gunakan Per Zona untuk benchmark area. 3) Gunakan filter tabel Per Driver untuk drill-down. 4) Buka Data bila perlu audit angka.
A10: Volume | C10: Jumlah shipment yang memiliki tanggal Out for Delivery (OFD) pada cohort tersebut.
A12: Delivery Rate | C12: Delivered ÷ Volume. Angka disimpan sebagai rasio dan ditampilkan dalam persen.
A14: Failed | C14: Shipment dengan status yang terklasifikasi gagal/returned pada export sumber.
A16: Other | C16: Selisih Volume − Delivered − Ongoing − Failed. Ada 1 shipment Other pada 5 Oktober, sehingga rekonsiliasi tetap transparan.
A18: Privasi | C18: Nama kurir diganti Driver_ID. Nomor AWB dan data pelanggan tidak dimasukkan.
A20: Batasan penting | C20: Sumber adalah satu export status yang diamati 8 Oktober 2026 sekitar 14:23 WIB, bukan snapshot end-of-day terpisah. Cohort 1–7 Oktober sudah lebih matang; 8 Oktober masih berjalan. Perbandingan antartanggal harus mempertimbangkan cut-off waktu.
A22: Temuan awal | C22: Volume tertinggi: 6 Oktober (5.464). Volume terendah: 5 Oktober (3.369). Pada snapshot, 8 Oktober memiliki 4.732 volume, 2.074 delivered, 2.615 ongoing, dan 43 failed.
A24: Arah coaching | C24: Driver_ID dengan delivery rate di bawah 90% pada snapshot—termasuk DRV_25—dapat diprioritaskan untuk coaching dan investigasi. Karena 8 Oktober masih in-progress, ranking ini adalah sinyal operasional, bukan kesimpulan sebab-akibat.
A26: Rekomendasi data berikutnya | C26: Simpan snapshot pada jam cut-off yang konsisten setiap hari. Tambahkan alasan failed, timestamp delivered, dan target per zona agar analisis dapat mengukur SLA serta akar masalah.

Sheet _Lists
A1: Zona | B1: Driver
A2: Semua | B2: Semua
A3: CINERE | B3: DRV_02
A4: GANDUL | B4: DRV_03
A5: Grogol | B5: DRV_04
A6: Krukut | B6: DRV_05
A7: Limo | B7: DRV_06
A8: Meruyung | B8: DRV_07
A9: Pangkalan Jati Baru | B9: DRV_08
A10: Pangkalan Jati Lama | B10: DRV_09
B11: DRV_10
B12: DRV_11
B13: DRV_12
B14: DRV_13
B15: DRV_14
B16: DRV_15
B17: DRV_16
B18: DRV_17
B19: DRV_18
B20: DRV_19
B21: DRV_20
B22: DRV_21
... B57: DRV_58
